{
  "p01": {
    "events_played": 21,
    "average_place": {
      "blackjack": 2.5,
      "canadian-salad": 4.0,
      "hearts": 3.5,
      "oh-heck": 1.0,
      "poker": 3.3846153846153846,
      "sequence": 1.8888888888888888
    },
    "average_score": {
      "canadian-salad": 213.33333333333334,
      "hearts": 59.666666666666664
    },
    "moon_shots": 0
  },
  "p03": {
    "events_played": 21,
    "average_place": {
      "blackjack": 4.5,
      "canadian-salad": 4.142857142857143,
      "hearts": 3.6,
      "oh-heck": 3.0,
      "poker": 3.076923076923077,
      "sequence": 2.7777777777777777
    },
    "average_score": {
      "canadian-salad": 163.33333333333334,
      "hearts": 68.77777777777777
    },
    "moon_shots": 0
  },
  "p04": {
    "events_played": 21,
    "average_place": {
      "blackjack": 4.0,
      "canadian-salad": 4.0,
      "hearts": 3.8,
      "oh-heck": 4.0,
      "poker": 4.6923076923076925,
      "sequence": 2.2222222222222223
    },
    "average_score": {
      "canadian-salad": 125.0,
      "hearts": 69.88888888888889
    },
    "moon_shots": 2
  },
  "p02": {
    "events_played": 20,
    "average_place": {
      "blackjack": 5.0,
      "canadian-salad": 3.857142857142857,
      "hearts": 5.222222222222222,
      "oh-heck": 2.0,
      "poker": 4.166666666666667,
      "sequence": 2.4444444444444446
    },
    "average_score": {
      "canadian-salad": 130.83333333333334,
      "hearts": 80.25
    },
    "moon_shots": 1
  },
  "p06": {
    "events_played": 12,
    "average_place": {
      "blackjack": 4.0,
      "canadian-salad": 4.4,
      "hearts": 4.555555555555555,
      "poker": 5.333333333333333
    },
    "average_score": {
      "canadian-salad": 117.5,
      "hearts": 76.625
    },
    "moon_shots": 3
  },
  "p10": {
    "events_played": 9,
    "average_place": {
      "blackjack": 6.0,
      "canadian-salad": 4.5,
      "hearts": 4.571428571428571,
      "poker": 3.888888888888889
    },
    "average_score": {
      "canadian-salad": 243.75,
      "hearts": 62.166666666666664
    },
    "moon_shots": 0
  },
  "p05": {
    "events_played": 8,
    "average_place": {
      "blackjack": 7.0,
      "canadian-salad": 2.6,
      "hearts": 3.1666666666666665,
      "poker": 4.5
    },
    "average_score": {
      "canadian-salad": 73.75,
      "hearts": 62.0
    },
    "moon_shots": 0
  },
  "p07": {
    "events_played": 5,
    "average_place": {
      "canadian-salad": 2.6666666666666665,
      "hearts": 3.6666666666666665,
      "poker": 6.0
    },
    "average_score": {
      "canadian-salad": 86.66666666666667,
      "hearts": 58.666666666666664
    },
    "moon_shots": 0
  }
}
